"store","avg_sales_promo","avg_sales_nonpromo","promo_uplift"
817,"24679.57","14043.34","10636.23"
261,"16478.11","6694.37","9783.74"
544,"17072.36","8329.31","8743.04"
1014,"15334.43","6853.45","8480.98"
963,"13982.88","5758.71","8224.18"
788,"19927.80","11869.65","8058.15"
335,"18175.53","10306.77","7868.75"
251,"20670.54","12810.09","7860.45"
513,"19937.94","12155.92","7782.01"
831,"15264.75","7541.96","7722.79"
1027,"15567.91","7863.19","7704.72"
1033,"16261.00","8619.09","7641.92"
726,"13849.53","6240.78","7608.75"
336,"16205.45","8619.16","7586.29"
380,"16583.32","9092.24","7491.08"
211,"15299.19","8040.99","7258.19"
768,"15295.38","8039.97","7255.41"
1114,"21601.50","14477.74","7123.75"
320,"16697.55","9654.81","7042.74"
526,"13145.62","6151.92","6993.70"
383,"18628.84","11655.49","6973.35"
876,"11797.52","4849.21","6948.31"
375,"11878.12","4934.88","6943.24"
234,"13417.20","6520.86","6896.34"
207,"13561.01","6677.76","6883.25"
545,"12950.26","6224.69","6725.57"
595,"16548.58","9995.69","6552.89"
84,"14759.31","8211.98","6547.33"
756,"17738.41","11212.98","6525.44"
608,"11752.77","5230.31","6522.45"
1112,"12490.36","5975.54","6514.83"
271,"10507.68","4009.89","6497.78"
57,"12641.21","6193.81","6447.40"
396,"12436.40","6007.09","6429.31"
528,"12823.97","6395.42","6428.56"
999,"11568.74","5152.19","6416.54"
167,"11637.62","5259.74","6377.88"
368,"11915.92","5561.00","6354.92"
178,"12272.26","5931.49","6340.77"
842,"19181.08","12855.37","6325.71"
809,"11663.79","5358.53","6305.26"
479,"13209.46","6919.49","6289.96"
390,"13456.51","7180.77","6275.74"
552,"10272.25","4008.19","6264.06"
709,"12074.09","5849.95","6224.14"
252,"12578.00","6428.53","6149.47"
459,"11416.63","5299.98","6116.65"
470,"14556.04","8478.59","6077.46"
698,"16706.31","10632.30","6074.02"
449,"13081.71","7009.90","6071.81"
125,"13600.77","7532.32","6068.45"
35,"11753.69","5717.12","6036.56"
27,"11506.50","5569.53","5936.97"
269,"11389.82","5465.20","5924.61"
546,"15039.09","9127.58","5911.52"
489,"9701.65","3791.02","5910.64"
82,"11088.68","5213.72","5874.96"
846,"11256.25","5384.44","5871.81"
640,"13151.17","7303.35","5847.82"
1026,"11441.77","5632.38","5809.38"
586,"16053.41","10246.00","5807.41"
400,"10812.28","5063.12","5749.16"
745,"9759.93","4013.24","5746.68"
906,"12603.30","6870.42","5732.88"
729,"12265.16","6532.90","5732.26"
645,"12382.64","6666.08","5716.56"
123,"10378.15","4664.01","5714.14"
432,"12664.06","6961.36","5702.70"
921,"11363.47","5668.02","5695.44"
388,"11988.63","6314.46","5674.17"
894,"10427.42","4768.60","5658.82"
1032,"11102.81","5455.74","5647.07"
1053,"10922.86","5276.11","5646.75"
662,"10509.06","4868.26","5640.80"
909,"12102.55","6464.33","5638.21"
1101,"11758.45","6160.16","5598.29"
467,"14586.08","9020.70","5565.38"
1079,"10637.35","5075.23","5562.12"
469,"13336.24","7782.98","5553.26"
626,"11199.64","5646.91","5552.72"
560,"14214.06","8679.97","5534.09"
71,"10906.63","5381.80","5524.83"
697,"12203.16","6714.81","5488.34"
156,"9169.50","3682.06","5487.44"
1086,"9748.23","4272.67","5475.56"
387,"10994.24","5522.03","5472.21"
42,"11795.65","6327.04","5468.61"
316,"11527.50","6061.22","5466.28"
693,"8854.82","3390.14","5464.68"
358,"11893.25","6437.96","5455.30"
892,"9660.22","4209.05","5451.17"
731,"10982.95","5538.73","5444.22"
384,"10715.38","5292.16","5423.22"
683,"10959.13","5543.01","5416.12"
502,"12238.09","6824.22","5413.87"
344,"10397.06","4993.55","5403.51"
389,"11939.88","6539.81","5400.07"
787,"11792.61","6412.09","5380.51"
153,"9163.68","3790.59","5373.08"
913,"10643.41","5272.66","5370.75"
25,"12208.97","6840.77","5368.20"
704,"11952.10","6590.45","5361.65"
798,"9490.98","4138.32","5352.66"
157,"11345.62","5995.93","5349.69"
814,"10342.08","4992.58","5349.50"
779,"9207.33","3858.43","5348.90"
898,"8787.05","3453.49","5333.55"
416,"12459.67","7127.03","5332.63"
60,"9945.48","4614.15","5331.33"
983,"11713.93","6398.74","5315.19"
171,"10238.34","4949.32","5289.02"
466,"9618.32","4373.43","5244.89"
256,"11336.53","6098.22","5238.31"
24,"10998.55","5762.88","5235.67"
195,"12090.76","6860.64","5230.12"
308,"10848.30","5632.03","5216.28"
682,"14425.78","9216.67","5209.11"
665,"9960.11","4768.01","5192.11"
914,"11116.06","5930.37","5185.68"
713,"12057.89","6887.50","5170.38"
1046,"10396.22","5226.94","5169.28"
64,"11753.13","6596.12","5157.00"
974,"12678.83","7526.12","5152.71"
291,"9824.89","4675.27","5149.62"
792,"9287.64","4145.65","5141.99"
533,"11141.40","6004.54","5136.86"
878,"10392.97","5258.07","5134.90"
381,"10625.13","5491.70","5133.43"
138,"9237.24","4116.55","5120.69"
957,"9727.30","4623.54","5103.76"
1003,"9245.82","4162.73","5083.09"
705,"9728.04","4646.75","5081.29"
1018,"12891.69","7811.33","5080.36"
1019,"10599.87","5550.16","5049.71"
739,"10984.69","5939.08","5045.61"
1040,"10308.15","5265.34","5042.82"
523,"16035.06","11002.36","5032.71"
755,"11796.36","6770.97","5025.39"
382,"9703.99","4700.22","5003.77"
250,"10112.19","5111.97","5000.22"
279,"10400.67","5420.18","4980.49"
333,"11211.04","6230.60","4980.44"
679,"11339.18","6381.33","4957.85"
95,"9382.93","4433.35","4949.57"
376,"10008.50","5060.26","4948.24"
753,"10256.89","5314.14","4942.76"
911,"11263.89","6348.40","4915.49"
964,"11027.28","6125.22","4902.07"
965,"10058.75","5164.01","4894.74"
1034,"8400.11","3520.46","4879.66"
630,"8745.11","3874.21","4870.90"
247,"10115.18","5252.48","4862.70"
982,"9672.84","4816.55","4856.29"
17,"8256.02","3406.05","4849.97"
427,"9298.17","4454.38","4843.79"
7,"10347.74","5506.90","4840.84"
615,"11041.78","6203.37","4838.41"
707,"9861.72","5035.83","4825.90"
535,"9685.37","4871.91","4813.46"
536,"9854.53","5045.47","4809.06"
928,"9598.68","4790.23","4808.45"
667,"10263.16","5472.67","4790.49"
634,"8515.58","3729.82","4785.75"
635,"7847.16","3065.69","4781.47"
685,"8434.60","3657.63","4776.97"
448,"9961.82","5193.87","4767.95"
67,"9401.37","4636.75","4764.62"
780,"8360.54","3603.11","4757.43"
754,"9644.27","4900.46","4743.81"
654,"8288.82","3550.94","4737.88"
820,"12864.93","8131.42","4733.51"
995,"10594.63","5862.75","4731.88"
510,"9695.64","4973.93","4721.71"
715,"8263.66","3543.25","4720.41"
401,"8728.74","4017.78","4710.96"
506,"9171.84","4474.23","4697.61"
761,"10167.64","5470.04","4697.60"
411,"10462.96","5784.35","4678.60"
168,"9086.08","4415.53","4670.55"
1108,"7640.12","2976.21","4663.90"
88,"7866.99","3207.80","4659.18"
686,"8049.40","3397.83","4651.57"
392,"8891.24","4243.69","4647.55"
674,"9359.84","4712.53","4647.31"
3,"8608.67","3967.60","4641.07"
759,"8661.18","4025.56","4635.62"
575,"7294.34","2664.86","4629.48"
474,"9108.55","4479.20","4629.35"
1091,"9746.53","5120.11","4626.42"
853,"10480.31","5857.36","4622.95"
616,"9864.91","5258.43","4606.48"
784,"9246.98","4655.25","4591.72"
229,"9983.39","5396.42","4586.96"
355,"10441.28","5865.65","4575.63"
386,"9460.01","4895.89","4564.12"
1089,"11220.15","6659.76","4560.39"
668,"10255.94","5700.16","4555.78"
372,"10076.76","5527.19","4549.57"
69,"10624.38","6077.81","4546.57"
692,"8256.17","3711.61","4544.56"
1064,"10622.55","6085.53","4537.02"
173,"9653.13","5119.20","4533.92"
313,"8673.61","4141.82","4531.79"
417,"9111.05","4581.36","4529.69"
342,"11915.45","7389.52","4525.93"
938,"10621.78","6103.30","4518.48"
181,"8058.12","3541.95","4516.17"
993,"9098.05","4582.07","4515.98"
12,"9106.01","4591.20","4514.81"
290,"8589.28","4075.41","4513.87"
967,"9931.39","5422.98","4508.41"
796,"8771.99","4271.07","4500.93"
933,"8849.90","4351.53","4498.37"
1090,"8120.71","3625.33","4495.38"
527,"11674.19","7184.00","4490.18"
976,"8539.60","4053.68","4485.92"
593,"10683.69","6199.50","4484.20"
652,"8273.26","3801.13","4472.13"
189,"10004.89","5540.48","4464.40"
747,"9404.81","4940.62","4464.19"
159,"9141.06","4688.64","4452.42"
655,"9391.64","4941.08","4450.56"
534,"8946.29","4504.33","4441.95"
1085,"9041.30","4601.10","4440.20"
362,"10514.61","6078.88","4435.74"
272,"7909.89","3477.29","4432.60"
213,"9461.58","5030.78","4430.79"
243,"8572.16","4143.03","4429.13"
357,"9088.98","4664.76","4424.22"
309,"8497.89","4074.60","4423.29"
574,"10072.16","5649.37","4422.79"
826,"10010.79","5593.34","4417.45"
310,"10570.88","6155.50","4415.39"
145,"9438.79","5026.70","4412.09"
154,"9966.43","5560.36","4406.07"
579,"9575.14","5179.12","4396.02"
971,"9501.60","5106.90","4394.70"
497,"10226.89","5834.77","4392.12"
559,"7581.24","3194.95","4386.29"
636,"7602.66","3217.36","4385.30"
1078,"8320.15","3942.65","4377.50"
102,"8483.80","4106.51","4377.30"
233,"10522.13","6147.27","4374.86"
822,"9139.29","4770.08","4369.22"
129,"10276.22","5907.74","4368.48"
808,"8734.95","4368.56","4366.39"
324,"7407.18","3041.31","4365.86"
722,"10882.70","6519.18","4363.52"
507,"9687.20","5325.87","4361.33"
318,"8924.28","4568.52","4355.76"
431,"10567.69","6212.28","4355.41"
1066,"11834.24","7502.16","4332.09"
493,"9532.50","5207.26","4325.24"
106,"9801.49","5480.75","4320.74"
118,"9128.74","4809.06","4319.68"
223,"8671.57","4354.54","4317.03"
643,"9317.02","5006.02","4311.00"
162,"9101.38","4794.53","4306.85"
133,"8027.16","3725.10","4302.06"
329,"8373.04","4073.38","4299.66"
94,"8535.83","4251.67","4284.16"
150,"9640.39","5375.56","4264.83"
996,"7934.54","3671.43","4263.11"
1051,"8723.74","4462.84","4260.90"
1058,"8636.75","4379.57","4257.18"
905,"9683.58","5427.80","4255.79"
1010,"10013.50","5760.27","4253.23"
532,"11634.28","7386.18","4248.10"
214,"10341.31","6093.92","4247.39"
806,"8231.29","3984.33","4246.96"
838,"9252.66","5008.74","4243.92"
765,"9635.62","5396.93","4238.69"
843,"10497.69","6261.68","4236.01"
903,"12260.75","8038.78","4221.97"
812,"7879.96","3658.59","4221.37"
96,"6891.00","2675.62","4215.38"
264,"8456.24","4240.97","4215.26"
962,"8042.21","3831.30","4210.92"
1022,"8657.46","4449.30","4208.15"
236,"8523.24","4318.51","4204.73"
791,"8935.63","4737.37","4198.26"
695,"7052.83","2856.05","4196.78"
146,"9052.30","4858.02","4194.29"
862,"9719.22","5526.03","4193.19"
691,"9512.34","5320.57","4191.77"
297,"8356.59","4165.75","4190.83"
97,"8139.53","3949.17","4190.36"
1069,"7822.72","3633.23","4189.49"
975,"8962.12","4783.84","4178.28"
799,"10757.74","6590.05","4167.70"
43,"8215.11","4050.88","4164.23"
637,"9736.71","5574.61","4162.10"
617,"7837.03","3674.94","4162.09"
199,"9148.49","4989.75","4158.74"
366,"7697.34","3543.70","4153.64"
980,"8370.32","4218.15","4152.17"
273,"8403.02","4251.51","4151.50"
476,"7408.23","3259.95","4148.28"
439,"8633.43","4486.60","4146.83"
734,"7505.19","3362.47","4142.71"
836,"7444.43","3310.46","4133.97"
206,"8469.78","4341.26","4128.52"
454,"7345.08","3221.97","4123.11"
90,"9498.57","5375.88","4122.69"
1052,"8556.43","4437.36","4119.07"
581,"6953.94","2837.71","4116.23"
872,"9601.51","5486.80","4114.71"
582,"8372.29","4257.78","4114.51"
16,"8876.21","4763.67","4112.53"
1072,"8181.77","4070.16","4111.61"
696,"9071.92","4963.26","4108.65"
410,"7866.91","3758.93","4107.98"
689,"8376.56","4273.97","4102.59"
718,"9093.24","4991.70","4101.54"
385,"8579.41","4485.31","4094.10"
959,"8397.28","4304.65","4092.63"
76,"9943.49","5853.56","4089.92"
26,"8064.53","3976.01","4088.52"
343,"8479.39","4391.28","4088.11"
742,"9162.43","5075.07","4087.36"
987,"8223.70","4137.11","4086.59"
496,"8956.98","4871.04","4085.94"
981,"8575.43","4491.06","4084.37"
580,"11010.04","6926.72","4083.32"
296,"8294.30","4213.95","4080.35"
1055,"9098.76","5019.88","4078.88"
869,"7464.08","3388.51","4075.56"
901,"8536.14","4460.70","4075.45"
840,"8608.57","4534.41","4074.16"
465,"8953.17","4879.06","4074.11"
354,"9453.30","5383.29","4070.01"
1011,"9028.83","4960.08","4068.75"
377,"9020.64","4952.40","4068.24"
932,"8606.19","4546.28","4059.91"
1043,"9786.05","5730.97","4055.08"
238,"8734.06","4681.47","4052.60"
1107,"7644.16","3593.50","4050.66"
1080,"10879.60","6837.06","4042.55"
940,"8501.71","4461.18","4040.53"
917,"8037.76","4000.00","4037.77"
899,"6856.88","2819.26","4037.62"
868,"10433.11","6399.88","4033.23"
164,"7613.24","3583.86","4029.38"
394,"9414.39","5386.09","4028.29"
29,"8577.28","4552.13","4025.16"
185,"8453.06","4430.69","4022.37"
235,"7401.45","3386.71","4014.74"
830,"7589.75","3580.92","4008.83"
403,"8652.44","4644.50","4007.94"
179,"8508.85","4501.43","4007.42"
926,"8479.24","4473.32","4005.92"
978,"8446.66","4442.94","4003.73"
895,"10168.64","6165.30","4003.34"
478,"8136.25","4136.77","3999.48"
270,"10203.30","6205.23","3998.06"
603,"8089.72","4097.51","3992.21"
624,"8270.97","4278.87","3992.10"
1060,"8525.21","4534.19","3991.02"
556,"8430.18","4443.47","3986.71"
147,"9246.49","5272.93","3973.56"
770,"7810.46","3839.23","3971.22"
360,"8221.33","4257.25","3964.08"
954,"8207.92","4246.91","3961.01"
286,"6521.92","2561.65","3960.27"
979,"7646.79","3687.22","3959.57"
818,"7512.38","3553.10","3959.28"
1100,"6869.58","2911.21","3958.37"
338,"8429.64","4471.74","3957.91"
1048,"8165.54","4214.88","3950.66"
374,"8272.04","4325.86","3946.18"
887,"8080.69","4137.46","3943.23"
951,"8862.70","4927.31","3935.38"
253,"7180.08","3250.63","3929.45"
509,"7505.07","3577.06","3928.01"
1059,"9437.24","5511.07","3926.17"
529,"8935.29","5012.27","3923.02"
1062,"7720.74","3798.61","3922.13"
711,"8123.77","4203.96","3919.82"
492,"8806.72","4887.25","3919.47"
525,"10927.27","7007.98","3919.29"
735,"6989.38","3072.66","3916.72"
677,"8953.36","5036.83","3916.53"
152,"7002.15","3086.59","3915.56"
604,"8971.33","5058.90","3912.42"
678,"8453.64","4541.82","3911.81"
672,"9733.63","5822.74","3910.89"
370,"8741.81","4831.65","3910.15"
327,"8797.83","4888.93","3908.90"
148,"9603.18","5697.26","3905.91"
77,"8729.39","4827.84","3901.55"
1092,"12242.14","8343.65","3898.48"
197,"8106.44","4208.71","3897.72"
807,"10549.30","6652.42","3896.88"
934,"8000.71","4104.13","3896.58"
561,"8122.83","4229.65","3893.18"
108,"11476.80","7588.19","3888.61"
927,"7770.71","3886.48","3884.23"
821,"8169.74","4291.90","3877.85"
93,"7328.77","3451.06","3877.71"
968,"8350.36","4473.56","3876.80"
19,"7738.76","3866.35","3872.41"
503,"7938.76","4066.40","3872.36"
949,"6844.80","2972.98","3871.82"
216,"8345.00","4473.84","3871.16"
47,"8334.91","4469.40","3865.51"
565,"7871.69","4013.68","3858.02"
322,"6548.45","2696.08","3852.37"
371,"8090.15","4241.32","3848.83"
576,"8188.24","4341.11","3847.13"
623,"8184.08","4343.00","3841.08"
304,"8255.04","4414.54","3840.49"
248,"9326.88","5495.30","3831.58"
11,"9050.69","5220.00","3830.69"
8,"6974.77","3147.66","3827.10"
741,"8705.68","4879.07","3826.61"
937,"8358.80","4535.62","3823.18"
625,"7569.40","3750.63","3818.76"
120,"8253.29","4436.09","3817.21"
143,"7579.05","3764.15","3814.90"
226,"8373.14","4559.48","3813.66"
587,"10313.31","6505.55","3807.76"
539,"11652.54","7844.90","3807.64"
205,"7791.81","3985.94","3805.87"
641,"7117.09","3313.12","3803.97"
508,"7925.31","4121.35","3803.96"
4,"10370.51","6568.94","3801.57"
1016,"6814.22","3025.46","3788.76"
717,"6927.70","3147.31","3780.39"
1050,"8462.06","4681.91","3780.16"
151,"7929.44","4149.31","3780.14"
278,"8279.49","4499.73","3779.77"
699,"9096.98","5323.55","3773.43"
863,"9587.29","5816.90","3770.39"
62,"7706.04","3938.72","3767.32"
687,"9241.68","5489.94","3751.74"
658,"7327.44","3577.23","3750.21"
737,"7372.16","3628.64","3743.52"
752,"6653.18","2913.91","3739.27"
450,"9560.01","5822.38","3737.64"
126,"7690.81","3953.35","3737.46"
1093,"9208.42","5479.82","3728.60"
128,"8479.17","4758.76","3720.41"
960,"7872.93","4152.71","3720.22"
517,"7101.51","3383.07","3718.44"
319,"8773.60","5062.84","3710.77"
720,"8254.48","4547.48","3706.99"
666,"8077.64","4371.06","3706.58"
325,"7651.40","3946.80","3704.60"
628,"7472.93","3771.33","3701.60"
59,"6852.90","3152.89","3700.01"
815,"9189.07","5496.06","3693.01"
767,"7293.07","3602.82","3690.25"
749,"6569.68","2882.85","3686.83"
738,"9313.96","5627.45","3686.51"
137,"9084.51","5400.14","3684.37"
572,"7949.36","4267.87","3681.48"
18,"7720.05","4039.38","3680.67"
802,"7966.43","4287.78","3678.65"
605,"8076.08","4397.62","3678.46"
657,"7258.46","3583.19","3675.27"
391,"6931.90","3259.68","3672.22"
849,"9052.86","5386.02","3666.84"
1035,"6302.68","2637.16","3665.51"
340,"7659.61","3998.77","3660.85"
953,"6679.83","3020.97","3658.86"
1001,"6759.56","3102.34","3657.22"
101,"8475.02","4820.23","3654.79"
880,"8448.29","4796.57","3651.72"
824,"7941.46","4294.11","3647.35"
1054,"7269.33","3632.09","3637.24"
298,"9156.22","5519.62","3636.60"
516,"7108.51","3472.07","3636.44"
463,"7283.60","3652.32","3631.28"
1082,"8076.77","4445.53","3631.24"
215,"7432.57","3802.89","3629.69"
92,"7201.52","3571.94","3629.58"
28,"6571.08","2947.36","3623.72"
886,"7566.47","3943.22","3623.25"
293,"7439.90","3816.95","3622.95"
990,"7541.90","3924.47","3617.43"
140,"8423.50","4812.49","3611.01"
418,"6576.47","2966.55","3609.92"
1017,"8110.41","4501.19","3609.22"
413,"8036.63","4431.64","3604.99"
524,"9438.51","5833.96","3604.55"
1029,"6711.72","3107.64","3604.08"
34,"8910.74","5307.25","3603.50"
985,"9143.35","5541.74","3601.61"
33,"9201.15","5600.93","3600.22"
1073,"8241.61","4641.99","3599.62"
245,"9600.44","6001.57","3598.87"
834,"7104.83","3510.65","3594.19"
52,"8316.22","4723.10","3593.12"
1020,"9705.47","6117.49","3587.98"
977,"6156.39","2571.11","3585.28"
21,"6736.90","3152.03","3584.87"
139,"7535.66","3952.34","3583.32"
730,"8917.81","5335.05","3582.76"
856,"8153.76","4577.79","3575.97"
673,"8083.42","4513.55","3569.87"
483,"6302.15","2733.67","3568.47"
866,"7902.89","4335.19","3567.71"
350,"8018.07","4451.46","3566.61"
599,"10330.87","6770.36","3560.51"
607,"5435.19","1880.80","3554.39"
855,"6942.10","3399.38","3542.72"
541,"7745.99","4204.40","3541.59"
184,"7624.76","4087.38","3537.38"
515,"9670.44","6142.52","3527.92"
15,"7730.69","4206.98","3523.72"
670,"7590.54","4070.90","3519.65"
487,"7999.81","4480.28","3519.53"
973,"7499.52","3982.31","3517.21"
70,"7657.86","4142.01","3515.85"
850,"7251.29","3741.09","3510.19"
684,"8520.01","5012.64","3507.36"
294,"6949.33","3444.72","3504.61"
775,"9313.64","5809.39","3504.25"
303,"7195.98","3693.42","3502.56"
659,"6842.89","3341.06","3501.82"
651,"8461.58","4959.78","3501.79"
740,"7946.26","4448.97","3497.29"
701,"6912.06","3427.27","3484.79"
275,"8277.77","4793.70","3484.07"
116,"8215.20","4732.23","3482.97"
430,"9250.24","5770.82","3479.41"
265,"6246.53","2768.15","3478.38"
781,"6222.56","2748.08","3474.48"
176,"6510.62","3037.59","3473.03"
984,"7143.64","3670.88","3472.75"
39,"6157.20","2686.53","3470.66"
38,"7108.58","3640.08","3468.49"
986,"7240.13","3772.49","3467.63"
44,"6701.89","3234.47","3467.42"
331,"7234.79","3771.10","3463.68"
20,"8490.96","5027.81","3463.15"
63,"7927.98","4466.90","3461.09"
246,"8030.78","4571.25","3459.54"
600,"7960.27","4501.12","3459.15"
1025,"8253.57","4795.37","3458.21"
950,"6857.45","3404.84","3452.61"
111,"7746.01","4295.82","3450.19"
919,"6684.02","3234.03","3449.99"
361,"7319.71","3871.26","3448.46"
827,"12742.83","9300.34","3442.49"
292,"6821.19","3380.29","3440.90"
193,"6546.06","3109.48","3436.58"
180,"8129.63","4697.36","3432.27"
187,"7345.76","3915.53","3430.24"
1070,"7973.26","4544.40","3428.86"
1039,"8813.43","5386.68","3426.75"
785,"7500.89","4075.87","3425.02"
363,"8052.86","4629.18","3423.68"
562,"20082.86","16662.36","3420.49"
144,"8492.40","5074.26","3418.13"
910,"6838.58","3420.93","3417.66"
482,"9030.49","5612.87","3417.62"
805,"7120.64","3703.15","3417.49"
80,"8409.25","4992.69","3416.56"
277,"7414.80","3999.70","3415.10"
456,"7228.66","3814.65","3414.01"
72,"5755.31","2346.73","3408.57"
602,"7328.82","3921.06","3407.76"
1028,"6018.27","2611.93","3406.33"
311,"7607.93","4202.55","3405.38"
452,"6389.69","2984.86","3404.83"
87,"6981.74","3582.24","3399.50"
438,"6367.16","2968.60","3398.55"
803,"7034.95","3639.32","3395.63"
58,"7319.29","3928.20","3391.10"
190,"8018.77","4627.93","3390.84"
888,"8748.66","5363.39","3385.27"
994,"5844.85","2460.72","3384.13"
74,"7243.25","3861.81","3381.43"
444,"12139.18","8763.78","3375.40"
54,"8672.72","5301.10","3371.62"
200,"8475.10","5103.57","3371.53"
348,"9031.83","5661.59","3370.24"
522,"8856.12","5487.31","3368.80"
1075,"11639.56","8272.00","3367.57"
312,"6696.05","3330.16","3365.89"
5,"5944.27","2582.27","3362.00"
1007,"7899.79","4537.97","3361.82"
405,"5811.07","2456.43","3354.64"
491,"7635.48","4283.90","3351.57"
712,"7356.13","4004.84","3351.28"
446,"6149.17","2798.03","3351.14"
464,"10927.59","7577.20","3350.40"
629,"8365.75","5015.68","3350.08"
397,"6679.86","3330.04","3349.82"
230,"8353.35","5019.11","3334.24"
783,"7751.28","4423.03","3328.25"
434,"10199.90","6872.09","3327.81"
65,"6289.33","2962.03","3327.30"
848,"7426.34","4099.09","3327.25"
746,"7061.38","3736.75","3324.63"
1111,"6395.29","3073.49","3321.81"
228,"8623.49","5301.69","3321.80"
648,"7522.51","4202.59","3319.92"
49,"8075.23","4756.38","3318.86"
2,"6172.82","2855.06","3317.76"
757,"7179.68","3862.70","3316.97"
793,"6044.17","2729.07","3315.10"
567,"6382.13","3067.98","3314.15"
203,"7672.04","4357.91","3314.14"
1037,"7765.36","4452.74","3312.61"
612,"7663.89","4352.86","3311.03"
1023,"7136.23","3831.62","3304.61"
23,"6606.74","3302.19","3304.56"
227,"6949.26","3645.99","3303.27"
1098,"6394.98","3093.15","3301.83"
346,"7688.51","4386.76","3301.75"
1088,"6239.04","2946.62","3292.42"
13,"6174.79","2882.60","3292.18"
647,"6839.84","3547.98","3291.86"
839,"6297.33","3011.43","3285.90"
244,"6386.21","3105.07","3281.13"
828,"6332.71","3051.86","3280.85"
192,"9440.71","6161.93","3278.78"
351,"7024.56","3748.57","3275.98"
79,"6538.45","3263.99","3274.45"
606,"6879.37","3610.60","3268.77"
992,"6744.88","3478.70","3266.18"
918,"6312.98","3047.08","3265.90"
947,"8886.60","5620.90","3265.70"
653,"6908.04","3644.81","3263.23"
436,"6575.30","3316.65","3258.65"
37,"7899.57","4648.12","3251.45"
778,"6864.48","3617.25","3247.23"
542,"7141.77","3904.38","3237.39"
169,"7867.12","4634.94","3232.18"
155,"7671.19","4441.84","3229.35"
854,"7433.37","4216.77","3216.60"
267,"9717.49","6502.42","3215.07"
621,"6877.46","3664.70","3212.76"
771,"7513.37","4305.65","3207.73"
471,"7828.67","4625.57","3203.10"
1000,"8108.34","4907.92","3200.42"
935,"6678.81","3480.73","3198.08"
748,"6719.21","3523.60","3195.60"
908,"5480.33","2292.92","3187.41"
694,"8584.83","5403.17","3181.66"
823,"6794.72","3613.35","3181.37"
1044,"7427.34","4246.50","3180.84"
149,"6548.38","3368.94","3179.44"
136,"6483.60","3304.53","3179.07"
443,"6311.32","3133.64","3177.67"
891,"8533.92","5356.50","3177.42"
723,"7792.28","4616.58","3175.70"
480,"6068.32","2895.43","3172.88"
14,"6511.76","3345.26","3166.50"
589,"5711.01","2545.04","3165.97"
930,"7865.75","4704.99","3160.76"
944,"8552.09","5393.07","3159.03"
936,"7787.01","4628.05","3158.96"
832,"7382.05","4223.78","3158.27"
36,"9650.20","6492.00","3158.20"
46,"6358.40","3200.47","3157.92"
222,"6095.54","2941.32","3154.22"
161,"7946.14","4792.38","3153.76"
1006,"7220.39","4073.52","3146.88"
426,"6135.57","2988.79","3146.78"
9,"7365.96","4227.35","3138.62"
367,"6311.61","3173.79","3137.82"
323,"8026.53","4893.58","3132.95"
870,"7613.96","4481.65","3132.30"
660,"5737.85","2606.99","3130.86"
119,"6930.92","3802.16","3128.76"
551,"7391.91","4263.69","3128.23"
224,"7400.98","4273.13","3127.85"
942,"6955.26","3827.64","3127.62"
6,"6494.73","3367.11","3127.62"
997,"6207.87","3081.62","3126.25"
1071,"6947.52","3821.71","3125.80"
477,"7043.68","3920.38","3123.30"
1015,"6919.33","3804.51","3114.82"
639,"5837.65","2726.42","3111.23"
314,"6169.04","3060.87","3108.16"
518,"6753.38","3649.38","3104.00"
1031,"5922.58","2819.99","3102.58"
613,"7502.10","4400.05","3102.04"
495,"6167.27","3067.01","3100.27"
288,"6546.22","3447.00","3099.22"
865,"8171.23","5073.41","3097.81"
141,"6483.25","3386.92","3096.33"
109,"7292.01","4197.43","3094.58"
514,"6643.23","3559.90","3083.33"
614,"7360.80","4279.71","3081.08"
268,"5965.97","2885.04","3080.93"
1008,"6335.94","3262.28","3073.66"
104,"10326.55","7253.69","3072.86"
475,"7227.65","4161.04","3066.61"
1061,"7976.76","4916.38","3060.38"
890,"6603.65","3549.06","3054.59"
875,"6070.43","3020.07","3050.37"
1021,"9140.58","6091.51","3049.07"
160,"6634.56","3586.26","3048.29"
1047,"5905.56","2861.04","3044.52"
922,"7973.63","4929.60","3044.03"
829,"6787.12","3746.87","3040.25"
225,"6191.64","3153.03","3038.61"
833,"6433.49","3397.40","3036.09"
462,"5875.09","2842.59","3032.51"
289,"7114.33","4081.99","3032.34"
619,"5417.73","2388.49","3029.24"
795,"5632.87","2610.79","3022.08"
961,"7259.25","4239.28","3019.97"
393,"6738.65","3732.95","3005.71"
790,"8033.76","5032.05","3001.71"
644,"9173.81","6172.25","3001.57"
690,"6475.08","3476.92","2998.16"
398,"6423.98","3430.66","2993.32"
241,"7293.08","4300.38","2992.70"
1115,"7073.27","4082.22","2991.05"
127,"6167.33","3176.93","2990.40"
56,"7916.91","4928.18","2988.72"
664,"5941.03","2954.27","2986.75"
924,"5774.86","2789.60","2985.26"
588,"6961.41","3984.72","2976.70"
218,"5970.53","2995.73","2974.80"
188,"5959.74","2988.54","2971.19"
163,"7908.50","4940.08","2968.43"
618,"7496.76","4528.95","2967.80"
424,"7560.72","4593.31","2967.41"
300,"7708.13","4741.85","2966.28"
943,"7595.77","4629.75","2966.02"
1074,"6093.10","3128.10","2965.00"
1110,"5596.78","2635.13","2961.64"
257,"6269.98","3309.12","2960.87"
724,"7463.10","4502.64","2960.45"
1102,"7585.42","4628.31","2957.11"
540,"6475.93","3520.24","2955.69"
1045,"8888.40","5935.33","2953.07"
1087,"7050.37","4101.57","2948.79"
55,"5629.63","2681.35","2948.29"
721,"8206.96","5260.23","2946.73"
196,"6150.63","3204.38","2946.26"
585,"6543.55","3597.33","2946.22"
675,"5366.68","2421.41","2945.27"
819,"6887.54","3944.86","2942.68"
53,"6198.65","3257.90","2940.75"
255,"7002.78","4062.22","2940.56"
847,"7674.14","4735.46","2938.69"
1109,"5869.47","2936.55","2932.92"
763,"6907.43","3978.56","2928.86"
844,"5264.15","2336.98","2927.17"
441,"7039.58","4116.05","2923.53"
1113,"7320.09","4400.36","2919.72"
198,"4211.22","1292.50","2918.72"
835,"6025.84","3109.95","2915.89"
107,"7900.81","4995.87","2904.94"
433,"6698.90","3796.32","2902.58"
284,"6248.53","3347.38","2901.15"
939,"6734.78","3835.44","2899.34"
929,"6624.72","3735.96","2888.76"
881,"5258.50","2373.01","2885.49"
421,"9762.16","6877.68","2884.47"
893,"7042.52","4162.11","2880.41"
1004,"6031.99","3152.03","2879.97"
671,"6657.52","3787.78","2869.74"
86,"5650.11","2781.25","2868.86"
548,"5908.33","3039.66","2868.66"
1005,"6903.85","4036.21","2867.65"
1096,"6278.90","3419.64","2859.26"
341,"6323.09","3465.93","2857.16"
287,"8464.04","5614.57","2849.47"
91,"6350.88","3502.73","2848.15"
30,"6125.01","3280.14","2844.87"
627,"6722.93","3881.29","2841.64"
158,"8501.00","5659.51","2841.49"
1002,"6798.76","3962.60","2836.16"
989,"6066.79","3232.44","2834.35"
801,"5782.99","2949.80","2833.20"
440,"6002.66","3170.64","2832.02"
591,"6451.29","3620.25","2831.04"
504,"7301.00","4473.19","2827.82"
437,"7846.33","5019.52","2826.81"
570,"5495.28","2671.45","2823.83"
458,"8029.35","5208.02","2821.33"
283,"7589.60","4776.23","2813.38"
460,"4829.96","2019.42","2810.54"
419,"6155.36","3347.11","2808.25"
321,"6666.90","3861.52","2805.38"
89,"6641.36","3844.80","2796.56"
1024,"6832.07","4038.94","2793.12"
537,"6328.36","3535.38","2792.98"
481,"5999.06","3207.37","2791.69"
1095,"5691.29","2904.13","2787.16"
378,"6951.26","4165.92","2785.34"
221,"6564.50","3781.96","2782.54"
406,"6772.41","3990.46","2781.96"
941,"5859.58","3078.85","2780.73"
242,"5111.45","2330.90","2780.55"
877,"7134.87","4355.05","2779.83"
884,"6273.67","3495.10","2778.58"
220,"5757.09","2980.83","2776.26"
177,"5022.34","2246.31","2776.03"
501,"6141.50","3366.01","2775.49"
1106,"5784.99","3014.39","2770.59"
369,"7392.14","4628.53","2763.62"
882,"7098.97","4339.22","2759.76"
352,"7274.36","4515.36","2759.00"
121,"5387.57","2635.65","2751.92"
132,"6866.94","4119.15","2747.78"
31,"6573.53","3831.05","2742.48"
632,"7544.04","4801.90","2742.14"
661,"7535.63","4795.66","2739.96"
409,"6275.40","3535.61","2739.79"
1084,"6898.43","4159.41","2739.02"
727,"5446.60","2708.93","2737.67"
1099,"9031.22","6294.43","2736.79"
365,"6159.67","3425.72","2733.95"
566,"5770.59","3037.50","2733.09"
773,"6425.66","3695.95","2729.71"
412,"9167.35","6439.95","2727.40"
904,"6634.79","3908.63","2726.17"
766,"6719.81","3998.36","2721.44"
1077,"5393.12","2673.55","2719.57"
415,"6842.71","4123.36","2719.34"
170,"5821.50","3104.15","2717.36"
852,"5494.89","2782.69","2712.19"
744,"7640.10","4928.93","2711.17"
786,"4624.20","1915.73","2708.47"
649,"4723.65","2015.19","2708.46"
743,"4833.46","2125.25","2708.21"
1105,"5447.86","2739.81","2708.05"
1030,"4661.87","1955.41","2706.46"
776,"5630.16","2923.83","2706.33"
505,"5608.55","2907.37","2701.18"
1038,"6519.40","3821.08","2698.32"
73,"5472.73","2780.36","2692.36"
571,"8027.93","5338.99","2688.94"
857,"7834.37","5146.40","2687.96"
758,"5660.28","2973.22","2687.06"
100,"8031.95","5358.68","2673.28"
301,"6260.06","3588.52","2671.54"
486,"5178.96","2507.51","2671.45"
32,"4994.98","2325.33","2669.65"
900,"6456.29","3789.80","2666.49"
555,"5912.75","3246.33","2666.42"
114,"6097.03","3430.88","2666.15"
610,"5117.73","2452.87","2664.85"
175,"6457.35","3798.01","2659.35"
202,"6670.81","4013.57","2657.24"
631,"6130.12","3482.82","2647.30"
280,"6804.24","4158.62","2645.62"
239,"5827.65","3183.02","2644.62"
295,"5992.76","3349.46","2643.31"
578,"9442.02","6798.95","2643.07"
428,"6804.97","4162.30","2642.67"
688,"4626.39","1984.28","2642.12"
399,"6203.64","3566.45","2637.19"
484,"8051.26","5416.15","2635.12"
113,"7546.99","4913.96","2633.03"
813,"6417.93","3787.75","2630.18"
404,"5479.26","2851.29","2627.97"
266,"5258.42","2630.55","2627.87"
859,"7793.54","5166.06","2627.48"
135,"6558.04","3931.18","2626.86"
1057,"6967.81","4343.64","2624.17"
1103,"5781.61","3159.60","2622.01"
810,"6519.19","3905.31","2613.88"
212,"5589.44","2975.80","2613.64"
131,"5975.06","3365.15","2609.91"
359,"7277.47","4668.79","2608.68"
592,"5289.91","2682.17","2607.74"
334,"6099.42","3492.99","2606.43"
1013,"4912.25","2306.83","2605.42"
896,"7374.13","4784.26","2589.87"
1067,"6336.04","3746.27","2589.77"
402,"6447.49","3862.78","2584.71"
182,"5994.70","3410.38","2584.31"
889,"5027.65","2444.51","2583.14"
816,"5840.18","3258.08","2582.10"
583,"5165.67","2583.58","2582.09"
800,"6008.87","3427.26","2581.60"
883,"5538.34","2957.01","2581.33"
453,"8914.90","6335.84","2579.07"
860,"6392.04","3814.21","2577.84"
700,"5092.72","2516.29","2576.43"
445,"8676.02","6100.26","2575.76"
521,"5874.91","3300.76","2574.15"
774,"6161.27","3589.41","2571.86"
620,"7976.16","5411.23","2564.92"
429,"5963.36","3398.79","2564.57"
736,"5897.60","3337.08","2560.52"
51,"7070.62","4512.36","2558.26"
45,"5997.19","3449.26","2547.93"
305,"6005.12","3461.22","2543.90"
98,"5795.25","3254.80","2540.44"
258,"6210.06","3672.26","2537.80"
166,"6380.15","3842.51","2537.64"
276,"4955.33","2417.89","2537.44"
490,"8348.87","5812.61","2536.26"
955,"5464.56","2936.92","2527.64"
183,"5457.19","2934.49","2522.70"
345,"5312.27","2789.73","2522.54"
105,"5112.96","2591.28","2521.69"
231,"5484.38","2963.10","2521.29"
519,"5971.69","3454.20","2517.49"
328,"5220.49","2703.05","2517.44"
281,"6430.81","3916.90","2513.91"
10,"6186.77","3674.24","2512.53"
885,"6046.89","3537.89","2508.99"
451,"6058.79","3551.45","2507.34"
577,"5664.64","3168.74","2495.90"
249,"5940.19","3446.08","2494.12"
550,"6486.91","4003.64","2483.27"
782,"6072.22","3590.68","2481.54"
725,"6312.58","3837.54","2475.04"
946,"5004.21","2530.85","2473.35"
66,"6566.73","4101.09","2465.63"
557,"5142.49","2678.25","2464.24"
638,"6432.85","3970.64","2462.21"
1104,"6010.71","3554.97","2455.74"
282,"5183.69","2732.31","2451.38"
209,"6746.06","4295.26","2450.79"
750,"5626.53","3176.20","2450.33"
702,"5114.49","2664.97","2449.52"
349,"7576.06","5127.27","2448.79"
920,"6250.80","3808.48","2442.32"
650,"6764.27","4323.36","2440.91"
99,"5729.05","3289.57","2439.48"
172,"7246.62","4809.46","2437.16"
1041,"6532.72","4095.61","2437.11"
543,"3817.01","1383.44","2433.57"
907,"6688.08","4256.37","2431.71"
22,"5204.62","2781.75","2422.88"
494,"9144.04","6724.71","2419.33"
609,"5354.74","2935.60","2419.14"
864,"5012.56","2598.03","2414.53"
598,"6335.19","3926.15","2409.04"
472,"5817.52","3412.61","2404.91"
710,"5226.95","2824.38","2402.57"
573,"4756.50","2355.82","2400.68"
204,"5995.87","3596.67","2399.20"
916,"5912.97","3518.80","2394.17"
972,"4027.35","1637.08","2390.27"
455,"7555.71","5167.55","2388.16"
716,"6178.39","3790.27","2388.12"
332,"4560.84","2175.91","2384.93"
594,"4929.01","2549.41","2379.61"
240,"5474.13","3096.14","2377.99"
966,"5449.67","3078.01","2371.66"
364,"5190.69","2820.97","2369.72"
408,"5351.12","3001.85","2349.27"
622,"5044.55","2696.30","2348.25"
1042,"4863.16","2521.49","2341.67"
1063,"5001.25","2660.21","2341.04"
564,"6017.56","3677.11","2340.45"
50,"4963.93","2626.23","2337.70"
115,"7504.20","5167.35","2336.84"
952,"6840.15","4510.68","2329.47"
584,"5359.61","3038.65","2320.95"
563,"5975.76","3654.97","2320.79"
201,"5770.35","3456.90","2313.45"
442,"5040.74","2728.38","2312.36"
122,"7498.43","5188.06","2310.37"
339,"5542.03","3240.38","2301.66"
75,"6434.95","4133.69","2301.26"
414,"6749.31","4451.03","2298.28"
706,"6143.33","3846.01","2297.32"
956,"4589.76","2302.19","2287.57"
130,"5659.05","3371.63","2287.42"
68,"7707.09","5421.03","2286.06"
473,"4347.70","2065.42","2282.28"
117,"4619.90","2338.28","2281.62"
601,"5450.51","3171.47","2279.04"
1081,"6165.88","3892.52","2273.35"
191,"7026.46","4754.77","2271.69"
306,"4997.82","2728.94","2268.88"
991,"6161.85","3893.91","2267.94"
457,"5382.62","3117.36","2265.26"
1065,"4850.81","2593.06","2257.75"
142,"5198.17","2946.99","2251.18"
597,"5591.87","3340.93","2250.94"
547,"6121.83","3871.20","2250.63"
751,"4876.53","2626.95","2249.58"
134,"5322.93","3073.61","2249.32"
78,"4461.90","2222.24","2239.66"
315,"4919.74","2685.20","2234.54"
611,"6144.41","3909.99","2234.42"
646,"5515.49","3281.14","2234.35"
124,"5038.57","2805.03","2233.54"
538,"4589.63","2359.47","2230.16"
379,"4622.79","2397.14","2225.64"
970,"4100.28","1886.38","2213.89"
260,"6824.31","4615.61","2208.70"
925,"6826.91","4621.61","2205.30"
1009,"5288.84","3084.09","2204.75"
1012,"6327.59","4138.20","2189.39"
110,"5121.16","2940.51","2180.65"
499,"5599.81","3419.71","2180.10"
633,"7266.73","5094.50","2172.23"
41,"5728.76","3559.29","2169.47"
945,"4980.79","2812.51","2168.28"
1036,"5462.48","3295.12","2167.37"
760,"7619.20","5484.70","2134.49"
549,"5182.55","3048.41","2134.14"
217,"5215.93","3106.12","2109.81"
326,"5444.40","3336.69","2107.72"
165,"4586.17","2488.11","2098.07"
764,"4174.09","2082.02","2092.07"
447,"5709.93","3617.87","2092.06"
841,"3752.44","1662.81","2089.64"
61,"5184.85","3097.00","2087.85"
569,"5051.21","2963.74","2087.47"
858,"5202.17","3114.75","2087.42"
468,"6840.53","4753.31","2087.22"
81,"7031.80","4944.92","2086.88"
395,"4587.87","2501.55","2086.32"
874,"5103.66","3017.69","2085.96"
923,"5698.64","3635.26","2063.38"
317,"5695.58","3637.93","2057.64"
708,"4608.07","2554.34","2053.74"
879,"4366.58","2312.99","2053.59"
825,"5022.18","2969.90","2052.28"
356,"5983.39","3934.47","2048.92"
703,"3986.02","1938.76","2047.25"
194,"5244.94","3203.33","2041.62"
1083,"5527.72","3486.83","2040.89"
871,"6450.94","4410.84","2040.10"
958,"4788.45","2755.66","2032.79"
307,"3499.76","1468.05","2031.71"
112,"6437.37","4409.68","2027.69"
988,"5164.18","3139.73","2024.45"
511,"5957.82","3942.35","2015.47"
596,"4989.18","2983.61","2005.57"
498,"6988.52","4985.44","2003.09"
873,"4408.95","2410.29","1998.67"
461,"5225.68","3227.49","1998.19"
714,"4990.45","2992.88","1997.58"
174,"6111.76","4119.84","1991.92"
83,"4445.21","2454.04","1991.17"
912,"6026.27","4039.64","1986.63"
330,"4671.38","2687.48","1983.90"
728,"5546.78","3572.29","1974.49"
48,"4493.36","2521.31","1972.04"
719,"5641.91","3675.88","1966.03"
186,"4328.45","2363.58","1964.86"
998,"4773.61","2810.59","1963.02"
531,"5290.72","3330.68","1960.04"
732,"6660.25","4704.86","1955.39"
1,"5152.89","3198.99","1953.89"
762,"4345.68","2407.65","1938.04"
1068,"4858.45","2924.45","1934.00"
1049,"4473.50","2541.28","1932.21"
797,"4655.76","2724.52","1931.23"
40,"5225.71","3304.06","1921.65"
520,"4404.45","2488.43","1916.02"
590,"5294.81","3378.98","1915.83"
422,"4974.52","3064.39","1910.12"
681,"4069.37","2176.47","1892.90"
1076,"4162.00","2270.93","1891.07"
485,"5173.13","3284.44","1888.69"
837,"3931.11","2050.80","1880.31"
915,"6369.27","4492.99","1876.28"
237,"4930.70","3060.42","1870.27"
845,"5131.81","3263.76","1868.05"
302,"4244.02","2396.70","1847.32"
663,"4982.85","3143.21","1839.64"
669,"4847.37","3011.66","1835.71"
488,"4199.07","2368.40","1830.67"
285,"5403.98","3574.85","1829.13"
553,"6934.69","5107.39","1827.30"
337,"5311.53","3490.77","1820.77"
435,"3829.28","2018.53","1810.75"
777,"4416.26","2610.67","1805.59"
420,"4849.46","3044.80","1804.66"
210,"3753.65","1953.27","1800.38"
554,"4840.10","3042.40","1797.70"
232,"3850.13","2057.00","1793.14"
373,"4844.61","3051.79","1792.81"
867,"5145.13","3363.35","1781.78"
425,"3762.82","1989.36","1773.45"
851,"5576.91","3807.32","1769.59"
969,"3888.93","2139.35","1749.57"
407,"4274.48","2531.89","1742.58"
347,"5035.34","3299.20","1736.15"
568,"5113.03","3382.53","1730.50"
811,"4497.32","2784.33","1712.99"
642,"4078.94","2366.05","1712.89"
219,"3648.29","1937.76","1710.53"
804,"5102.61","3394.61","1708.00"
558,"3738.54","2054.09","1684.46"
1056,"4224.44","2557.98","1666.46"
500,"5431.02","3764.70","1666.33"
861,"3855.28","2210.25","1645.03"
902,"5021.64","3396.60","1625.04"
103,"4140.48","2523.20","1617.28"
680,"5330.26","3714.89","1615.36"
931,"4314.28","2726.97","1587.31"
656,"3648.14","2098.22","1549.92"
772,"3915.13","2397.62","1517.50"
733,"15843.50","14370.27","1473.22"
1094,"4654.97","3207.95","1447.02"
254,"3361.25","1944.35","1416.91"
299,"6712.83","5297.12","1415.72"
208,"3251.00","1944.49","1306.51"
897,"3665.22","2402.12","1263.10"
769,"11521.39","10395.70","1125.69"
263,"3711.79","2636.66","1075.14"
1097,"10378.87","9352.27","1026.60"
789,"3405.80","2405.81","999.99"
794,"3170.78","2171.64","999.14"
423,"11434.21","10453.68","980.53"
259,"12076.99","11175.52","901.46"
530,"4921.69","4169.91","751.78"
512,"5755.22","5211.20","544.03"
85,"7550.27","7100.61","449.66"
262,"20991.54","20549.64","441.90"
676,"7660.13","7387.36","272.77"
353,"5734.87","5483.20","251.67"
948,"6953.60","6759.48","194.11"
274,"3870.26","4124.95","-254.68"
